fid,id,autori,anno,titolo,editore,edito_in,pagine,nome_completo,file_path,doi,isbn,fonte_doi,fonte_isbn,score_titolo
6,151.0,Bedini; E.; Rottoli; M.; Fornaciari; G.; Mallegni; F.; Liborio; G.,1997.0,Analisi di laboratorio. Tarquinia: testimonianze archeologiche e ricostruzione storica: scavi sistematici nell'abitato: campagne 1982-1988,Tarchna/Università degli studi di Milano 1,,91-144,"Bedini, E.,_Rottoli, M.,_Fornaciari, G.,_Mallegni, F.,_Liborio, G._1997_Analisi di laboratorio. Tarquinia: testimonianze archeologiche e ricostruzione storica: scavi sistematici nell'abitato: campagne 1982-1988_Tarchna/Università degli studi di Milano 1_91-144",,,,,,
7,152.0,Celant; A.,2008.0,Area T. 25A: Risultati delle ricerche archeobotaniche,Torre Spaccata-Roma SDO Le indagini archeologiche,,281-296,"Celant, A._2008_Area T. 25A: Risultati delle ricerche archeobotaniche_Torre Spaccata-Roma SDO Le indagini archeologiche_281-296",allegati/bibliography/CLA33 - Celant 2008a.pdf,,,,,
8,153.0,Costantini; L.; Giorgi; J.A,2009.0,The charred plant remains,"Supplements to the Memoirs of the American Academy in Rome, 8",,125-151,"Costantini, L.,_Giorgi, J.A_2009_The charred plant remains_Supplements to the Memoirs of the American Academy in Rome, 8_ 125-151",allegati/bibliography/CLA15 - Costantini & Giorgi 2009.pdf,10.1017/s1047759400019905,,openalex,,79.12
9,154.0,Carra; M.,2010.0,Il contributo dell’Archeobotanica: analisi paleocarpologica preliminare del saggio F,Ante Quem,"Archeologia nella Valle del Cesano da Suasa a Santa Maria in Portuno. Atti del Convegno per i venti anni di ricerche dell’Università di Bologna (Castelleone di Suasa, Corinaldo, San Lorenzo in Campo 18-19 Dicembre 2008)",491-495,"Carra, M._2010_Il contributo dell’Archeobotanica: analisi paleocarpologica preliminare del saggio F_Archeologia nella Valle del Cesano da Suasa a Santa Maria in Portuno. Atti del Convegno per i venti anni di ricerche dell’Università di Bologna (Castelleone di Suasa, Corinaldo, San Lorenzo in Campo 18-19 Dicembre 2008)_Ante Quem_491-495","allegati/bibliography/Giorgi, E., Lepore, G., Carra, M._2010_Archeologia nella valle del Cesano da Suasa a Santa Maria in Portuno_Atti del Convegno per i venti anni di ricerche dell’Università di Bologna (Castelleone di Suasa, Corinaldo, San .pdf",,,,,
10,155.0,Gavériaux; F.; Motta; L.; Bailey; P.; Brilli; M.; Sadori; L.,2022.0,Crop husbandry at Gabii during the iron age and archaic period: the archaeobotanical and stable isotope evidence,Environmental Archaeology,,1-15,"Gavériaux, F.,_Motta, L.,_Bailey, P.,_Brilli, M.,_Sadori, L._2022_Crop husbandry at Gabii during the iron age and archaic period: the archaeobotanical and stable isotope evidence_Environmental Archaeology_1-15",allegati/bibliography/Gaveriaux et al. 2022.pdf,10.1080/14614103.2022.2101281,,openalex,,79.38
11,156.0,Kodýdková; K.; Beneš; J.; Komárková; V.; Paclíková; K.,2013.0,"Pilot archaeobotanical analysis of the sediment the well 112 in Pyrgi, Santa Severa","Archaeologia maritima mediterranea: International Journal on Underwater Archaeology: 10, 2013",,181-190,"Kodýdková, K.,_Beneš, J.,_Komárková, V.,_Paclíková, K._2013_Pilot archaeobotanical analysis of the sediment the well 112 in Pyrgi, Santa Severa_Archaeologia maritima mediterranea: International Journal on Underwater Archaeology: 10, 2013_181-190",allegati/bibliography/CLA72 - Kodydkova et al. 2013.pdf,,,,,
12,157.0,Giorgi; E.; Lepore; G.; Carra; M.,2010.0,Archeologia nella valle del Cesano da Suasa a Santa Maria in Portuno,"Atti del Convegno per i venti anni di ricerche dell’Università di Bologna (Castelleone di Suasa, Corinaldo, San Lorenzo in Campo, 18-19 dicembre 2008), Bologna",,121-124,"Giorgi, E.,_Lepore, G.,_Carra, M._2010_Archeologia nella valle del Cesano da Suasa a Santa Maria in Portuno_Atti del Convegno per i venti anni di ricerche dell’Università di Bologna (Castelleone di Suasa, Corinaldo, San Lorenzo in Campo, 18-19 dicembre 2008), Bologna_121-124","allegati/bibliography/Giorgi, E., Lepore, G., Carra, M._2010_Archeologia nella valle del Cesano da Suasa a Santa Maria in Portuno_Atti del Convegno per i venti anni di ricerche dell’Università di Bologna (Castelleone di Suasa, Corinaldo, San .pdf",,8878490504,,googlebooks,76.4
13,158.0,Pepe; C.; Giardini; M.; Giraudi; C.; Masi; A.; Mazzini; I.; Sadori; L.,2013.0,"Plant landscape and environmental changes recorded in marginal marine environments: the ancient Roman harbour of Portus (Rome, Italy)","Quaternary International, 303",,73-81,"Pepe, C.,_Giardini, M.,_Giraudi, C.,_Masi, A.,_Mazzini, I.,_Sadori, L._2013_Plant landscape and environmental changes recorded in marginal marine environments: the ancient Roman harbour of Portus (Rome, Italy)_Quaternary International, 303_73-81",allegati/bibliography/CLA38 - Pepe et al. 2013.pdf,10.1016/j.quaint.2012.11.008,,crossref,,86.28
14,159.0,Motta; L.,2002.0,Planting the seed of Rome,"Vegetation History and Archaeobotany, 11",,71-78,"Motta, L._2002_Planting the seed of Rome_Vegetation History and Archaeobotany, 11_71-78",allegati/bibliography/CLA21 - Motta 2002.pdf,10.1007/s003340200008,,openalex,,79.58
15,160.0,Costantini; L.,2002.0,Italia centro-meridionale,"Storia dell’agricoltura italiana, 1",,221-233,"Costantini, L._2002_Italia centro-meridionale_Storia dell’agricoltura italiana, 1_221-233","allegati/bibliography/CAB4 - Costantini, L._2002_Italia centro-meridionale_Storia dell’agricoltura italiana, 1_pp. 221-233..pdf",,,,,
16,161.0,Bonghi Jovino; M.; Bagnasco Gianni; G.,2005.0,Offerte dal regno vegetale e dal regno animale nelle manifestazioni del sacro,"atti dell'incontro di studio, Milano, 26-27 giugno 2003",,113-122,"Bonghi Jovino, M.,_Bagnasco Gianni, G._2005_Offerte dal regno vegetale e dal regno animale nelle manifestazioni del sacro_atti dell'incontro di studio, Milano, 26-27 giugno 2003_113-122",,,,,,
17,162.0,Rottoli; M.,1993.0,"Analisi paletnobotaniche: prime risultanze,“La Marmotta”, Anguillara Sabazia (RM), Scavi 1989, Appendice 1, Un abitato perilacustre di età neolitica","Bull di Paletnologia Italiana, 84",,305-315,"Rottoli, M._1993_Analisi paletnobotaniche: prime risultanze,“La Marmotta”, Anguillara Sabazia (RM), Scavi 1989, Appendice 1, Un abitato perilacustre di età neolitica_Bull di Paletnologia Italiana, 84_305-315",allegati/bibliography/CLA42 - Rottoli 1993.pdf,,,,,
18,163.0,Shelton; C. P.,2009.0,"Food, Economy, and Identity in the Sangro River Valley, Abruzzo, Italy, 650 BC-AD 150",ProQuest,,1-361,"Shelton, C. P._2009_Food, Economy, and Identity in the Sangro River Valley, Abruzzo, Italy, 650 BC-AD 150_ProQuest_1-361","allegati/bibliography/CAB1 - Shelton, C. P._2009_Food, Economy, and Identity in the Sangro River Valley, Abruzzo, Italy, 650 BC--AD 150_ProQuest_pp.1-361..pdf",,,,,
19,164.0,Masi; A.; Vignola; C.; Lazzara; A.; Moricca; C.; Serlorenzi; M.;  Ferrandes; A. F.,2024.0,The first extensive study of an Imperial Roman Garden in the city of Rome: the Horti Lamiani,"Vegetation History and Archaeobotany, 33(1)",,111-120,"Masi, A.,_Vignola, C.,_Lazzara, A.,_Moricca, C., Serlorenzi, M.,_ Ferrandes, A. F._2024_The first extensive study of an Imperial Roman Garden in the city of Rome: the Horti Lamiani_Vegetation History and Archaeobotany, 33(1)_111-120",,10.1007/s00334-023-00960-y,,openalex,,84.59
20,165.0,Costantini; L.; Costantini Biasini; L.,2007.0,Economia agricola del Lazio a sud del Tevere tra Bronzo antico e Bronzo medio,Atti della XL riunione scientifica Istituto Italiano di Preistoria e Protostoria,,787-801,"Costantini, L.,_Costantini Biasini, L._2007_Economia agricola del Lazio a sud del Tevere tra Bronzo antico e Bronzo medio_Atti della XL riunione scientifica Istituto Italiano di Preistoria e Protostoria_ 787-801",allegati/bibliography/CLA44 - Costantini & Costantini Biasini 2007.pdf,,,,,
21,166.0,Giorgi; J. A.; Potter; T. W.; King; A. C.;,1997.0,The charred plant remains,"Excavations at the Mola di Monte Gelato, 11",,407-411,"Giorgi, J. A.,_Potter, T. W._King, A. C.,_1997_The charred plant remains_Excavations at the Mola di Monte Gelato, 11_407-411",allegati/bibliography/CLA59 - Giorgi 1997.pdf,,,,,
22,167.0,Clark; G.; Costantini; L.; Finetti; A.; Giorgi; J.; Jones; A.; Reese; D.; Sutherland; S.; Whitehouse; D.,1989.0,"The food refuse of an affluent urban household in the late fourteenth century: Faunal and botanical remains from the Palazzo Vitelleschi, Tarquinia (Viterbo)","Papers of the British School at Rome, 57",,200-321,"Clark, G.,_Costantini, L.,_Finetti, A.,_Giorgi, J.,_Jones, A.,_Reese, D.,_Sutherland, S.,_Whitehouse, D._1989_The food refuse of an affluent urban household in the late fourteenth century: Faunal and botanical remains from the Palazzo Vitelleschi, Tarquinia (Viterbo)_Papers of the British School at Rome, 57_200-321",allegati/bibliography/CLA58 - Clark et al. 1989.pdf,10.1017/s0068246200009144,,openalex,,80.77
23,168.0,Cottini; M.,2009.0,Archaeobotanical analysis in Zone II. The Sanctuary of the Etruscan Artisans at Cetamura del Chianti,The Legacy of Alvaro Tracchi,,175-87,"Cottini, M._2009_Archaeobotanical analysis in Zone II. The Sanctuary of the Etruscan Artisans at Cetamura del Chianti_The Legacy of Alvaro Tracchi_175-87",,,,,,
24,169.0,Izzet; V. E.,2000.0,"The Etruscan sanctuary at Cerveteri, Sant'Antonio: preliminary report of excavations 1995–8","Papers of the British School at Rome, 68",,321-335,"Izzet, V. E._2000_The Etruscan sanctuary at Cerveteri, Sant'Antonio: preliminary report of excavations 1995–8_Papers of the British School at Rome, 68_321-335",allegati/bibliography/CLA89 - Izzet 2000.pdf,10.1017/s0068246200003962,,crossref,,80.63
25,170.0,Lepore; G.; Ciuccarelli; M. R.; Assenti; G.; Belfiori; F.; Boschi; F.; Carra; M.; Visani; F.,2012.0,Progetto “archeologia urbana a Senigallia” I: le ricerche di via Cavallotti,FOLD&R,,"248, 1-19","Lepore, G.,_Ciuccarelli, M. R.,_Assenti, G.,_Belfiori, F.,_Boschi, F.,_Carra, M.,_Visani, F._2012_Progetto “archeologia urbana a Senigallia” I: le ricerche di via Cavallotti_FOLD&R_248, 1-19","allegati/bibliography/Lepore, G., Ciuccarelli, M. R., Assenti, G., Belfiori, F., Boschi, F., Carra, M., Visani, F._2012_Progetto “archeologia urbana a Senigallia” I_ le ricerche di via Cavallotti_FOLD&R_pp. 248, 1-19..pdf",,,,,
26,171.0,Follieri; M.,1975.0,Resti vegetali microscopici nel collettore ovest del Colosseo,Annali di botanica,,34,"Follieri, M._1975_Resti vegetali microscopici nel collettore ovest del Colosseo_Annali di botanica_34","allegati/bibliography/Follieri, 1975.pdf",,,,,
27,172.0,Follieri; M.; Coccolini; G.B.L.;,1980.0,"I legni dei pozzi del tempio A nel santuario etrusco di Pyrgi (S. Severa, Roma)","Studi etruschi, 48",,277-29,"Follieri, M.,_Coccolini, G.B.L.,_1980_I legni dei pozzi del tempio A nel santuario etrusco di Pyrgi (S. Severa, Roma)_Studi etruschi, 48_277-29 ",allegati/bibliography/CLA73 - Coccolini & Follieri 1980.pdf,,,,,
28,173.0,Di Pasquale; G.; Allevato; E.; Cocchiararo; A.; Moser; D.; Pacciarelli; M.; Saracino; A.,2014.0,Late Holocene persistence of Abies alba in low‐mid altitude deciduous forests of central and southern Italy: new perspectives from charcoal data,"Journal of vegetation science, 25(5)",,1299-1310,"Di Pasquale, G.,_Allevato, E.,_Cocchiararo, A.,_Moser, D.,_Pacciarelli, M.,_Saracino, A._2014_Late Holocene persistence of Abies alba in low‐mid altitude deciduous forests of central and southern Italy: new perspectives from charcoal data_Journal of vegetation science, 25(5)_1299-1310",allegati/bibliography/CTO22 - Di Pasquale et al. 2014.pdf,,,,,
29,174.0,Costantini; L.; Costantini Biasini; L.,1987.0,Bolsena-Gran Carro. I resti vegetali. L’alimentazione nel Mondo Antico (Gli Etruschi),"Ministerio per i Beni Culturali e Ambientali: Roma, Italy",,83-87,"Costantini, L.,_Costantini Biasini, L._1987_Bolsena-Gran Carro. I resti vegetali. L’alimentazione nel Mondo Antico (Gli Etruschi)_Ministerio per i Beni Culturali e Ambientali: Roma, Italy_83-87","allegati/bibliography/Costantini, L.,_Giorgi, J. A._1987_I resti vegetali. L’alimentazione nel mondo antico_Gli Etruschi, Ministerio per i Beni Culturali e Ambientali 2) Ministerio per i Beni Culturali e Ambientali, Roma_83-87.pdf",,,,,
30,175.0,Larocca; F.; Celant; A.,2004.0,L’occupazione arcaica e altorepubblicana. Area T. 14: risultati delle ricerche archeobotaniche,"Centocelle I, Roma SDO Le indagini archeologiche",,287-287,"Larocca, F.,_Celant, A._2004_L’occupazione arcaica e altorepubblicana. Area T. 14: risultati delle ricerche archeobotaniche_Centocelle I, Roma SDO Le indagini archeologiche_287-287",,,,,,
31,176.0,Celant; A.,2011.0,"Antracologia, utilizzazione del legno e ricostruzione paleoambientale dell’insediamento eneolitico di Selva dei Muli (Frosinone)","ORIGINI, 33",,233-237,"Celant, A._2011_Antracologia, utilizzazione del legno e ricostruzione paleoambientale dell’insediamento eneolitico di Selva dei Muli (Frosinone)_ORIGINI, 33_233-237",allegati/bibliography/CLA1 - Celant 2011.pdf,,,,,
32,177.0,Masi; A.; Ricci; G.; Sadori; L.; Trevisan; S.,2009.0,"Contributo archeobotanico allo studio di alcuni ambienti di età imperiale frequentati nell’alto medioevo sul colle Viminale, Roma",,,Intervento presentato al convegno 104 Congresso Nazionale della Società Botanica Italiana,"Masi, A.,_Ricci, G.,_Sadori, L.,_Trevisan, S._2009_Contributo archeobotanico allo studio di alcuni ambienti di età imperiale frequentati nell’alto medioevo sul colle Viminale, Roma_ Intervento presentato al convegno 104 Congresso Nazionale della Società Botanica Italiana",allegati/bibliography/CLA9 - Masi et al. 2009.pdf,,,,,
33,178.0,De Santis; A.; Mieli; G.; Rosa; C.; Matteucci; R.; Celant; A.,2010.0,Le fasi di occupazione nell'area centrale di Roma in età protostorica: nuovi dati dagli scavi nel Foro di Cesare,"Scienze dell'Antichità: 16, 2010",,259-284,"De Santis, A.,_Mieli, G.,_Rosa, C.,_Matteucci, R.,_Celant, A._2010_Le fasi di occupazione nell'area centrale di Roma in età protostorica: nuovi dati dagli scavi nel Foro di Cesare_Scienze dell'Antichità: 16, 2010_259-284",allegati/bibliography/CLA12 - De Santis et al. 2010.pdf,,,,,
34,207.0,Delpino; M. A. F.; Mauro; N.,2014.0,La seconda imbarcazione monossile del villaggio neolitico de La Marmotta,"Navis 5, Archeologia, Storia, Etnologia Navale",,133-140,"Delpino, M. A. F.,_Mauro, N._2014_La seconda imbarcazione monossile del villaggio neolitico de La Marmotta_Navis 5, Archeologia, Storia, Etnologia Navale_133-140",,,,,,
35,179.0,Coletti; F.; Celant; A.; Pensabene Perez; P.,2006.0,Ricerche archeologiche e paleoambientali sul Palatino tra l’età arcaica e la tardoantichità–primi risultati,Innovazioni tecnologiche per i beni culturali in Italia. Atti del convegno Pàtron,,557-564,"Coletti, F.,_Celant, A.,_Pensabene Perez, P._2006_Ricerche archeologiche e paleoambientali sul Palatino tra l’età arcaica e la tardoantichità–primi risultati_Innovazioni tecnologiche per i beni culturali in Italia. Atti del convegno Pàtron_557-564",allegati/bibliography/CLA20 - Coletti & Celant 2006.pdf,,,,,
36,180.0,Celant; A.,2002.0,"Ricerche paleobotaniche nel villaggio eneolitico di Le Cerquete-Fianello (Maccarese, Fiumicino)","Le dune, il lago, il mare: una comunità di villaggio dell’età del Rame a Maccarese",,249-252,"Celant, A._2002_Ricerche paleobotaniche nel villaggio eneolitico di Le Cerquete-Fianello (Maccarese, Fiumicino)_Le dune, il lago, il mare: una comunità di villaggio dell’età del Rame a Maccarese_249-252 ",allegati/bibliography/CLA35 - Celant 2002.pdf,,,,,
37,181.0,Sadori; L.; Susanna; F.,2005.0,"Hints of economic change during the late Roman Empire period in central Italy: a study of charred plant remains from “La Fontanaccia”, near Rome","Vegetation History and Archaeobotany, 14",,386-393,"Sadori, L.,_Susanna, F._2005_Hints of economic change during the late Roman Empire period in central Italy: a study of charred plant remains from “La Fontanaccia”, near Rome_Vegetation History and Archaeobotany, 14_386-393",allegati/bibliography/CLA41 - Sadori et al. 2005.pdf,10.1007/s00334-005-0010-1,,openalex,,79.16
38,182.0,Anzidei; A. P.; Carboni; G.; Catalano; P.; Celant; A.; Lemorini; C.; Musco; S.,2003.0,La necropoli eneolitica di Lunghezzina (Roma),"ATTI della XXXV Riunione Scientifica a Lipari “Le comunità della Preistoria italiana: studi e ricerche sul Neolitico e le età dei Metalli”, in memoria di Luigi Bernabò Brea",,379-391,"Anzidei, A. P.,_Carboni, G.,_Catalano, P.,_Celant, A.,_Lemorini, C.,_Musco, S._2003_La necropoli eneolitica di Lunghezzina (Roma)_ATTI della XXXV Riunione Scientifica a Lipari “Le comunità della Preistoria italiana: studi e ricerche sul Neolitico e le età dei Metalli”, in memoria di Luigi Bernabò Brea_379-391",allegati/bibliography/CLA48 - Anzidei et al. 2003.pdf,,,,,
39,183.0,Mercuri; A.M.; Rattighieri; E.; Rinaldi; R.,2021.0,The Roman Peasant Project 2009-2014: Excavating the Roman Rural Poor (Vol. 154),University of Pennsylvania Press,,317-336,"Mercuri, A.M.,_Rattighieri, E.,_Rinaldi, R._2021_The Roman Peasant Project 2009-2014: Excavating the Roman Rural Poor (Vol. 154)_University of Pennsylvania Press_317-336",,,9781949057089,,googlebooks,78.99
40,184.0,"Abbate Edlmann, M. L.,Giachi, G.,Mariotti, M.",2001.0,I resti antracologici,Monte Torto di Osimo. L’impianto produttivo,Servizio Editoria della Soprintendenza Archeologica per le Marche,203-213,"Abbate Edlmann, M. L.,Giachi, G.,Mariotti, M._2001_I resti antracologici_Monte Torto di Osimo. L’impianto produttivo_Servizio Editoria della Soprintendenza Archeologica per le Marche_203-213",,,,,,
41,185.0,Carra; M.,2010.0,Castello di Gerione: l’utilizzo delle risorse vegetali. Analisi dei macroresti prelevati nelle campagne di scavo 2008 e 2009,Castello di Gerione. Ricerche topografiche e scavi. Atlante tematico di Topografia Antica,,159-174,"Carra, M._2010_Castello di Gerione: l’utilizzo delle risorse vegetali. Analisi dei macroresti prelevati nelle campagne di scavo 2008 e 2009_Castello di Gerione. Ricerche topografiche e scavi. Atlante tematico di Topografia Antica_159-174","allegati/bibliography/Giorgi, E., Lepore, G., Carra, M._2010_Archeologia nella valle del Cesano da Suasa a Santa Maria in Portuno_Atti del Convegno per i venti anni di ricerche dell’Università di Bologna (Castelleone di Suasa, Corinaldo, San .pdf",,,,,
42,186.0,Castiglioni; E.,2003.0,I carboni di legna,,,207-215,"Castiglioni, E._2003_I carboni di legna_207-215","allegati/bibliography/Castiglioni, E._2003_I carboni di legna_pp. 207-215..pdf",,,,,
43,187.0,Carra; M.,2009.0,Analisi dei macroresti vegetali dall’area produttiva di Spinellina,L’Età del Ferro a Sansepolcro. Attività produttive e ambiente nel sito di Trebbio,,83-88,"Carra, M._2009_Analisi dei macroresti vegetali dall’area produttiva di Spinellina_L’Età del Ferro a Sansepolcro. Attività produttive e ambiente nel sito di Trebbio_83-88",allegati/bibliography/CTO01 - Carra 2009.pdf,,,,,
44,188.0,Celant; A.,2003.0,I resti paleobotanici,Catalogo della Mostra “Dalla Capanna alla Casa. I primi abitanti di Veio”,,39-40,"Celant, A._2003_I resti paleobotanici_Catalogo della Mostra “Dalla Capanna alla Casa. I primi abitanti di Veio”_39-40",allegati/bibliography/CLA49 - Celant 2003.pdf,,,,,
45,189.0,Sadori; L.; Celauro; F.; Gobbi; E.; Masi; A.; Paganelli; M.; Petitti; P.; Rossi; F.; Sabato; D.,2013.0,"A Medieval-Renaissance picture of common and aristocratic use of plants at Valentano (northern Latium, central Italy)",Abstract IWGP,,156,"Sadori, L.,_Celauro, F.,_Gobbi, E.,_Masi, A.,_Paganelli, M.,_Petitti, P.,_Rossi, F.,_Sabato, D._2013_A Medieval-Renaissance picture of common and aristocratic use of plants at Valentano (northern Latium, central Italy)_Abstract IWGP_156",allegati/bibliography/CLA54 - Sadori et al. 2013.pdf,,,,,
46,190.0,Masi; A.; Rossi; F.; Petitti; P.; Sadori; L.,2009.0,Studio antracologico di campioni provenienti dallo scavo della Chiesa di Santa Maria a Valentano (VT): elementi per lo studio dell’utilizzo del legno in contesti medievali,,,Intervento presentato al convegno 104 Congresso Nazionale della Società Botanica Italiana,"Masi, A.,_Rossi, F.,_Petitti, P.,_Sadori, L._2009_Studio antracologico di campioni provenienti dallo scavo della Chiesa di Santa Maria a Valentano (VT): elementi per lo studio dell’utilizzo del legno in contesti medievali_ Intervento presentato al convegno 104 Congresso Nazionale della Società Botanica Italiana",allegati/bibliography/CLA9 - Masi et al. 2009.pdf,,,,,
47,191.0,Castiglioni E.; Rottoli; M.,1983.0,Nuovi dati archeobotanici per la preistoria dell’Abruzzo. Cosentino (ed.),,,657-661,"Castiglioni E.,_Rottoli, M._1983_Nuovi dati archeobotanici per la preistoria dell’Abruzzo. Cosentino (ed.)_657-661",,,,,,
48,192.0,Coubray; S.,1991.0,Indagini paletnobotaniche presso il sito abruzzese di età protostorica delle Paludi di Celano,"""Atti del Convegno di Archeologia” Il Fucino e le aree limitrofe nell’antichità, Avezzano 1989",,174-198,"Coubray, S._1991_Indagini paletnobotaniche presso il sito abruzzese di età protostorica delle Paludi di Celano_""Atti del Convegno di Archeologia” Il Fucino e le aree limitrofe nell’antichità, Avezzano 1989_174-198","allegati/bibliography/Coubray, S._1991_Indagini paletnobotaniche presso il sito abruzzese di età protostorica delle Paludi di Celano__Atti del Convegno di Archeologia” Il Fucino e le aree limitrofe nell’antichità, Avezzano 1989_pp.174-198.pdf",,,,,
49,193.0,Costantini; L.; Costantini Biasini; L.,1988.0,Paleoetnobotanica - Nota preliminare,"Cures Sabini: risultati della sesta campagna di scavo. Archeologia Laziale IX, QuadAEI (16)",,331-332,"Costantini, L.,_Costantini Biasini, L._1988_Paleoetnobotanica - Nota preliminare_Cures Sabini: risultati della sesta campagna di scavo. Archeologia Laziale IX, QuadAEI (16)_331-332",allegati/bibliography/CLA7 - Costantini & Costantini Biasini 1988.pdf,,,,,
50,194.0,Lippi; M. M.; Bellini; C.; Secci; M. M.; Gonnelli; T,2009.0,Comparing seeds/fruits and pollen from a Middle Bronze Age pit in Florence (Italy),"Journal of Archaeological Science, 36(5)",,1135-1141,"Lippi, M. M.,_Bellini, C.,_Secci, M. M.,_Gonnelli, T_2009_Comparing seeds/fruits and pollen from a Middle Bronze Age pit in Florence (Italy)_Journal of Archaeological Science, 36(5)_1135-1141",allegati/bibliography/CTO06 - Mariotti Lippi et al. 2009.pdf,10.1016/j.jas.2008.12.017,,crossref,,86.22
52,196.0,Van der Veen; M.,1985.0,An early medieval hilltop settlement in Molise: the plant remains from D85,"Papers of the British School at Rome, 53",,211-224,"Van der Veen, M._1985_An early medieval hilltop settlement in Molise: the plant remains from D85_Papers of the British School at Rome, 53_211-224",allegati/bibliography/CMO02 - Van der Veen M._1985_An Early Medieval Hilltop Settlement in Molise_ The Plant Remains from D85_Papers of the British School at Rome _ Volume 53 _ Novemberpp 211 - 224.pdf,10.1017/s0068246200011545,,openalex,,78.69
53,197.0,Moricca; C.; Alhaique; F.; Barelli; L.; Masi; A.; Morretta; S.; Pugliese; R.; Sadori; L.,2018.0,"Early arrival of New World species enriching the biological assemblage of the Santi Quattro Coronati Complex (Rome, Italy)","INTERDISCIPLINARIA ARCHAEOLOGICA, 9",,83-93,"Moricca, C.,_Alhaique, F.,_Barelli, L.,_Masi, A.,_Morretta, S.,_Pugliese, R.,_Sadori, L._2018_Early arrival of New World species enriching the biological assemblage of the Santi Quattro Coronati Complex (Rome, Italy)_INTERDISCIPLINARIA ARCHAEOLOGICA, 9_83-93",allegati/bibliography/CLA26 - Moricca et al. 2018.pdf,10.24916/iansa.2018.2.6,,openalex,,79.39
54,198.0,Sadori; L.; Giardini; M.; Susanna; F.,2010.0,"The plant landscape as inferred from a basket of the Roman town of Privernum (Latium, central Italy)","Plant Biosystems, 144(4)",,874-887,"Sadori, L.,_Giardini, M.,_Susanna, F._2010_The plant landscape as inferred from a basket of the Roman town of Privernum (Latium, central Italy)_Plant Biosystems, 144(4)_874-887",allegati/bibliography/CLA5 - Sadori et al. 2010.pdf,10.1080/11263504.2010.491981,,crossref,,86.5
55,199.0,Celant; A.; Follieri; M.,1992.0,Archaeobotany of the East sewer of the Colosseum,,,OFP Informations,"Celant, A.,_Follieri, M._1992_Archaeobotany of the East sewer of the Colosseum_OFP Informations",allegati/bibliography/CLA23 - Celant & Follieri 1992.pdf,,,,,
56,200.0,Rattighieri; E.; Rinaldi; R.; Bowes; K.; Mercuri; A. M.,2013.0,"Land use from seasonal archaeological sites: the archaeobotanical evidence of small Roman farmhouses in cinigiano, south-eastern Tuscany-central Italy","Annali di Botanica, 3",,207-215,"Rattighieri, E.,_Rinaldi, R.,_Bowes, K._Mercuri, A. M._2013_Land use from seasonal archaeological sites: the archaeobotanical evidence of small Roman farmhouses in cinigiano, south-eastern Tuscany-central Italy_Annali di Botanica, 3_207-215",allegati/bibliography/CTO12 - Rattighieri et al. 2013.pdf,10.4462/annbotrm-10267,,openalex,,80.16
57,201.0,Mercuri; A. M.; Rattighieri; E.; Rinaldi; R.,2020.0,San Martino-Botanical materials,The Roman Peasant Project 2009-2014. Excavating the Roman Rural Poor (Vol. 1). University of Pennsylvania Museum of Archaeology and Anthropology,,173-179,"Mercuri, A. M.,_Rattighieri, E.,_Rinaldi, R._2020_San Martino-Botanical materials_The Roman Peasant Project 2009-2014. Excavating the Roman Rural Poor (Vol. 1). University of Pennsylvania Museum of Archaeology and Anthropology_173-179",,,,,,
59,203.0,Costantini; L.; Tozzi; C.,1983.0,"Un gisement à cenamique imprimée dans le subapennin de la Daunia (Lucera, Foggia: le village de Ripa Tetta)","In Economie et culture matérielle, Actes du colloque International du CNRS, Montpellier",,26-29,"Costantini, L.,_Tozzi, C._1983_Un gisement à cenamique imprimée dans le subapennin de la Daunia (Lucera, Foggia: le village de Ripa Tetta)_In Economie et culture matérielle, Actes du colloque International du CNRS, Montpellier_26-29","allegati/bibliography/Costantini, L., Tozzi, C._1983_Un gisement à cenamique imprimée dans le subapennin de la Daunia (Lucera, Foggia_ le village de Ripa Tetta)_In Economie et culture matérielle, Actes du colloque International du CNRS, Montpellier_pp. 26-29..pdf",,,,,
60,204.0,Celant; A.; Magri; D.,1999.0,Archaeobotanical study of a sediment core from the Colosseum valley,Riassunti 94° Congresso della Società Botanica Italiana,,40,"Celant, A.,_Magri, D._1999_Archaeobotanical study of a sediment core from the Colosseum valley_Riassunti 94° Congresso della Società Botanica Italiana_40",allegati/bibliography/CLA24 - Celant & Magri 1999.pdf,,,,,
61,205.0,Masi; A.; Sadori; L.; Pugliese; R.,2012.0,Il contributo degli studi archeobotanici alle indagini archeologiche: l’esempio dello scavo dell’ex portico,Dal cantiere dei Ss. Quattro Coronati a Roma. Note di storia e restauro per Giovanni Carbonara,,141-154,"Masi, A.,_Sadori, L.,_Pugliese, R._2012_Il contributo degli studi archeobotanici alle indagini archeologiche: l’esempio dello scavo dell’ex portico_Dal cantiere dei Ss. Quattro Coronati a Roma. Note di storia e restauro per Giovanni Carbonara_141-154",,,,,,
62,206.0,Fermé; L. C.; Mineo; M.; Remolins; G.; Mazzucco; N.; Gibaja; J. F.,2023.0,"Navigation during the early Neolithic in the Mediterranean area: study of wooden artifacts associated with dugout canoes at La Marmotta (Lago di Bracciano, Anguillara Sabazia, Lazio, Italy)","Quaternary Science Reviews, 311",,108-129,"Fermé, L. C.,_Mineo, M.,_Remolins, G.,_Mazzucco, N.,_Gibaja, J. F._2023_Navigation during the early Neolithic in the Mediterranean area: study of wooden artifacts associated with dugout canoes at La Marmotta (Lago di Bracciano, Anguillara Sabazia, Lazio, Italy)_Quaternary Science Reviews, 311_108-129",,10.1016/j.quascirev.2023.108129,,crossref,,85.21
63,208.0,Celant; A.;Ambrosini; L.; Belelli Marchesini; B.; Colantoni; G.; Giuliani; B.; Lucidi ; M.R.L.; Merlo; M.;,2009.0,il Contributo Degli Scavi Di Piano Di Comunità Alla Conoscenza Dell’abitato Di Veio: Materiali Dal Riempimento Di Un Pozzo Sul Pianoro Sommitale,"l'abitato Etrusco Di Veio. Ricerche Dell'università Di Roma “La Sapienza”. I. Cisterne, Pozzi, Fosse",,65-124,"Celant, A.,Ambrosini, L.,_Belelli Marchesini, B.,_Colantoni, G.,_Giuliani, B.,_Lucidi , M.R.L.,_Merlo, M.,_2009_il Contributo Degli Scavi Di Piano Di Comunità Alla Conoscenza Dell’abitato Di Veio: Materiali Dal Riempimento Di Un Pozzo Sul Pianoro Sommitale_l'abitato Etrusco Di Veio. Ricerche Dell'università Di Roma “La Sapienza”. I. Cisterne, Pozzi, Fosse_65-124",allegati/bibliography/CLA45 - Celant 2009.pdf,,,,,
64,209.0,Sadori; L.; Sabato; D.,2009.0,"Plant remains from the burials of St. Sisto basilica (Montalto di Castro, central Italy)","PaCE, a project for Europe Vol. 3",Plants and culture: seeds of the Cultural Heritage of Europe,121-127,"Sadori, L.,_Sabato, D._2009_Plant remains from the burials of St. Sisto basilica (Montalto di Castro, central Italy)_Plants and culture: seeds of the Cultural Heritage of Europe_PaCE, a project for Europe Vol. 3_121-127",allegati/bibliography/CLA50 - Sadori & Sabato 2009.pdf,,,,,
66,211.0,Sadori; L.; Giardini; M.; Masi; A.;,2007.0,Il paesaggio urbano e suburbano della Roma imperiale,Atti della Società dei Naturalisti e Matematici di Modena,,255-272,"Sadori, L.,_Giardini, M.,_Masi, A.,_2007_ Il paesaggio urbano e suburbano della Roma imperiale_ Atti della Società dei Naturalisti e Matematici di Modena_255-272",allegati/bibliography/CLA39 - Sadori et al. 2007.pdf,,,,,
67,212.0,Carra; M.,2006.0,"Plant macroremains from Olmi 1 (Sesto Fiorentino, Florence). Preliminary study","Bell Beaker in Everyday Life. Proceedings of the 10th Meeting ‘‘Archéologie et Gobelets’’Held in Florence, Siena and Villanuova sul Chiusi",,59-66,"Carra, M._2006_Plant macroremains from Olmi 1 (Sesto Fiorentino, Florence). Preliminary study_Bell Beaker in Everyday Life. Proceedings of the 10th Meeting ‘‘Archéologie et Gobelets’’Held in Florence, Siena and Villanuova sul Chiusi_59-66",,,,,,
69,214.0,Rottoli; M.,2001.0,Analisi botaniche,Tarquinia Etrusca. Una nuova storia,,59-61,"Rottoli, M._2001_Analisi botaniche_Tarquinia Etrusca. Una nuova storia_59-61","allegati/bibliography/Radi, G., Berton, A., Castiglioni, E., Rottoli, M._2001_Le Coste-Stazione dell’età dei metalli_II Convegno di Archeologia “Il Fucino e le aree limitrofe nell’Antichità__Archeoclub della Marsica_pp. 110-125..pdf",,,,,
70,215.0,Costantini; L.; Costantini Biasini; L.,1989.0," I vegetali dell’area sacra di S. Omobono. G. Pisani Sartorio, P. Virgili et G. Ioppolo (éd.), Il viver quotidiano in Roma arcaica","Materiali dagli scavi del Tempio Arcaico nell’area sacra di S. Omobono, Rome",,61-64,"Costantini, L.,_Costantini Biasini, L._1989_ I vegetali dell’area sacra di S. Omobono. G. Pisani Sartorio, P. Virgili et G. Ioppolo (éd.), Il viver quotidiano in Roma arcaica_Materiali dagli scavi del Tempio Arcaico nell’area sacra di S. Omobono, Rome_61-64",allegati/bibliography/CLA22 - Costantini & Costantini Biasini 1989.pdf,,,,,
71,254.0,Follieri; M.; Coccolini; G.B.L.; Catullo; A.,1976.0,Strutture lignee di un abitato dell'eta'del Bronzonel lago di Mezzano (Viterbo),"Annali di Botanica, 35",,175-183,"Follieri, M.,_Coccolini, G.B.L.,_Catullo, A._1976_Strutture lignee di un abitato dell'eta'del Bronzonel lago di Mezzano (Viterbo)_Annali di Botanica, 35_175-183",,,,,,
72,216.0,Mariotti Lippi; M.; Bellini; C.; Mori Secci; M.; Gonnelli; T.; Pallecchi; P.,2015.0,Archaeobotany in Florence (Italy): landscape and urban development from the late Roman to the Middle Ages,"Plant Biosystems-An International Journal Dealing with all Aspects of Plant Biology, 149(1)",,216-227,"Mariotti Lippi, M.,_Bellini, C.,_Mori Secci, M.,_Gonnelli, T.,_Pallecchi, P._2015_Archaeobotany in Florence (Italy): landscape and urban development from the late Roman to the Middle Ages_Plant Biosystems-An International Journal Dealing with all Aspects of Plant Biology, 149(1)_216-227",,10.1080/11263504.2013.822433,,crossref,,86.09
74,218.0,Castelletti; L.,1986.0,I resti vegetali dallo scavo dell'abitato,Gli Etruschi di Tarquinia. Catalogo della Mostra,,381-383,"Castelletti, L._1986_I resti vegetali dallo scavo dell'abitato_Gli Etruschi di Tarquinia. Catalogo della Mostra_381-383",allegati/bibliography/CLA57 - Castelletti 1986.pdf,,,,,
75,219.0,Carra; M.; Cattani; L.; Rizzi; M.,2007.0,"L’economia di sussistenza al Villaggio delle Macine (Castel Gandolfo, Roma) su basi paleocarpologiche",Atti della XL Riunione Scientifica “Strategie di insediamento fra Lazio e Campania in età preistorica e protostorica”. ISTITUTO ITALIANO DI PREISTORIA E PROTOSTORIA,,775-786,"Carra, M.,_Cattani, L.,_Rizzi, M._2007_L’economia di sussistenza al Villaggio delle Macine (Castel Gandolfo, Roma) su basi paleocarpologiche_Atti della XL Riunione Scientifica “Strategie di insediamento fra Lazio e Campania in età preistorica e protostorica”. ISTITUTO ITALIANO DI PREISTORIA E PROTOSTORIA_775-786",allegati/bibliography/CLA40 - Carra et al. 2007.pdf,,,,,
76,220.0,Lippi; M. M.; Giachi; G.; Paci; S.; Di Tommaso; P. L.,2000.0,Studi sulla vegetazione attuale e passata della Toscana meridionale (Follonica—Italia) e considerazioni sull'impatto ambientale dell'attività metallurgica etnisca nel VI—V secolo aC.,"Webbia, 55(2)",,279-295,"Lippi, M. M.,_Giachi, G.,_Paci, S.,_Di Tommaso, P. L._2000_Studi sulla vegetazione attuale e passata della Toscana meridionale (Follonica—Italia) e considerazioni sull'impatto ambientale dell'attività metallurgica etnisca nel VI—V secolo aC._Webbia, 55(2)_279-295",,10.1080/00837792.2000.10670696,,crossref,,85.97
77,269.0,Celant; A.; De Santis; A.; Merlo; R.; De Grossi Mazzorin; J.;,1998.0,Fidene: una casa dell'Età del ferro. Mondadori Electa,,,1-47,"Celant, A.,_De Santis, A._Merlo, R.,_De Grossi Mazzorin, J.,_1998_Fidene: una casa dell'Età del ferro. Mondadori Electa_1-47",allegati/bibliography/CLA76 - Celant et al. 1998.pdf,,,,,
78,221.0,Carannante; A.; Marazzi; F.; Gobbi; A.,2007.0,Il lavoro nella Regola. L'approvvigionamento alimentare e il cantiere edile a San Vincenzo al Volturno fra IX e XI secolo,"QUADERNI DELLA RICERCA SCIENTIFICA, SERIE BENI CULTURALI 8",,1-268,"Carannante, A.,_Marazzi, F.,_Gobbi, A._2007_Il lavoro nella Regola. L'approvvigionamento alimentare e il cantiere edile a San Vincenzo al Volturno fra IX e XI secolo_QUADERNI DELLA RICERCA SCIENTIFICA, SERIE BENI CULTURALI 8_1-268","allegati/bibliography/CMO05 - Carannante A., Marazzi, F., Gobbi, A._2007_Il lavoro nella Regola. L_approvvigionamento alimentare e il cantiere edile a San Vincenzo al Volturno fra IX e XI secolo_QUADERNI DELLA RICERCA SCIENTIFICA, SERIE BENI CULTURALI 8_pp. 1-268_.pdf",,,,,
80,223.0,Costantini; L.; Costantini; L.; Napolitano; G.; Whitehouse; D.,1983.0,Cereali e legumi medievali provenienti dalle mura di Santo Stefano. Anguillara Sabazia (Roma),,,"Archeologia Medievale, 10, 393-414","Costantini, L.,_Costantini, L.,_Napolitano, G.,_Whitehouse, D._1983_Cereali e legumi medievali provenienti dalle mura di Santo Stefano. Anguillara Sabazia (Roma)_Archeologia Medievale, 10, 393-414","allegati/bibliography/Costantini, L., Tozzi, C._1983_Un gisement à cenamique imprimée dans le subapennin de la Daunia (Lucera, Foggia_ le village de Ripa Tetta)_In Economie et culture matérielle, Actes du colloque International du CNRS, Montpellier_pp. 26-29..pdf",,,,,
82,226.0,Celant; A.;,2007.0,Le analisi archeobotaniche dei resti nelle fosse di spoliazione,Centocelle II - Roma S.D.O. Le indagini archeologiche,,140,"Celant, A.,_2007_Le analisi archeobotaniche dei resti nelle fosse di spoliazione_Centocelle II - Roma S.D.O. Le indagini archeologiche_140",allegati/bibliography/CLA29 - Celant 2007.pdf,,,,,
83,227.0,Chiesa; F.,2005.0,Un rituale di fondazione nell'area alpha di Tarquinia. Offerte dal regno vegetale e dal regno animale nelle manifestazioni del sacro,"atti dell'incontro di studio, Milano 26-27 giugno 2003.Tarchna. Supplemento/Università degli studi di Milano 1",,103-110,"Chiesa, F._2005_Un rituale di fondazione nell'area alpha di Tarquinia. Offerte dal regno vegetale e dal regno animale nelle manifestazioni del sacro_atti dell'incontro di studio, Milano 26-27 giugno 2003.Tarchna. Supplemento/Università degli studi di Milano 1_103-110",,,,,,
84,228.0,Giorgi; J. A.; King; A. C.; Potter; T. W.,1988.0,Scavi a Mola di Monte Gelato presso Mazzano Romano: Etruria meridionale: primo rapporto preliminare,"Archeologia medievale: cultura materiale, insediamenti, territorio: XV, 1988",,299,"Giorgi, J. A.,_King, A. C.,_Potter, T. W._1988_Scavi a Mola di Monte Gelato presso Mazzano Romano: Etruria meridionale: primo rapporto preliminare_Archeologia medievale: cultura materiale, insediamenti, territorio: XV, 1988_299",allegati/bibliography/CLA59 - Giorgi 1988.pdf,10.1400/243977,,openalex,,81.82
85,229.0,Moricca; C.; De Cristofaro; A.; Ambrosini; L.,2023.0,"Archaeobotanical Evidence of Funerary Plant Offerings at the Southern Etrurian Necropolis of “Valle Santa nell’Agro Veientano”(Rome, Italy)","INTERDISCIPLINARIA ARCHAEOLOGICA, 14",,63-70,"Moricca, C.,_De Cristofaro, A.,_Ambrosini, L._2023_Archaeobotanical Evidence of Funerary Plant Offerings at the Southern Etrurian Necropolis of “Valle Santa nell’Agro Veientano”(Rome, Italy)_INTERDISCIPLINARIA ARCHAEOLOGICA, 14_63-70",allegati/bibliography/CLA71 - Moricca et al. 2023.pdf,10.24916/iansa.2023.1.4,,openalex,,79.06
86,230.0,Costantini; L.;  Giorgi; J.,2001.0,Charred plant remains of the Archaic period from the Forum and Palatine,"Journal of Roman Archaeology, 14",,239-248,"Costantini, L.,_ Giorgi, J._2001_Charred plant remains of the Archaic period from the Forum and Palatine_Journal of Roman Archaeology, 14_239-248",allegati/bibliography/CLA15 - Costantini & Giorgi 2001.pdf,10.1017/s1047759400019905,,openalex,,79.2
87,231.0,Celant; A.,1995.0,Macroresti vegetali del livello neolitico nell’insediamento di Quadrato di Torre Spaccata (Roma),"Origini, 10",,277-286,"Celant, A._1995_ Macroresti vegetali del livello neolitico nell’insediamento di Quadrato di Torre Spaccata (Roma)_Origini, 10_277-286",allegati/bibliography/CLA25 - Celant & Altieri 1995.pdf,,,,,
89,233.0,Radi; G.; Berton; A.; Castiglioni; E.; Rottoli; M.,2001.0,Le Coste-Stazione dell’età dei metalli,Archeoclub della Marsica,"II Convegno di Archeologia “Il Fucino e le aree limitrofe nell’Antichità""",110-125,"Radi, G.,_Berton, A.,_Castiglioni, E.,_Rottoli, M._2001_Le Coste-Stazione dell’età dei metalli_II Convegno di Archeologia “Il Fucino e le aree limitrofe nell’Antichità""_Archeoclub della Marsica_110-125","allegati/bibliography/Radi, G., Berton, A., Castiglioni, E., Rottoli, M._2001_Le Coste-Stazione dell’età dei metalli_II Convegno di Archeologia “Il Fucino e le aree limitrofe nell’Antichità__Archeoclub della Marsica_pp. 110-125..pdf",,,,,
90,234.0,Masi; A.; Sadori; L.; Carboni; F.; Tomei; A.M.;,2008.0,IV International Meeting of Anthracology,,,,"Masi, A.,_Sadori, L.,_Carboni, F.,_Tomei, A.M.,_2008_IV International Meeting of Anthracology","allegati/bibliography/Masi et al., 2008. IV International Meeting of Anthracology.ppt",,,,,
91,235.0,Fornaciari; A.; Giuffra; V.; Marvelli; S.; Fornaciari; G.,2008.0,The blessed Christina from Spoleto: a case of 15th century artificial mummy from Umbria (central Italy),In Mummies and Science World Mummies Research,,521-527,"Fornaciari, A.,_Giuffra, V.,_Marvelli, S.,_Fornaciari, G._2008_ The blessed Christina from Spoleto: a case of 15th century artificial mummy from Umbria (central Italy)_In Mummies and Science World Mummies Research_521-527",,,,,,
92,236.0,Buonincontri; M.; Di Falco; G.; Di Pasquale; G.,2013.0,"Boschi e coltivi: la gestione delle risorse agroforestali. L’insediamento medievale nelle Colline Metallifere (Toscana, Italia)",Il sito minerario di Rocchette Pannocchieschi dall’VIII al XIV secolo. Oxford: Archaeopress,,161-164,"Buonincontri, M.,_Di Falco, G.,_Di Pasquale, G._2013_Boschi e coltivi: la gestione delle risorse agroforestali. L’insediamento medievale nelle Colline Metallifere (Toscana, Italia)_Il sito minerario di Rocchette Pannocchieschi dall’VIII al XIV secolo. Oxford: Archaeopress_161-164",,,,,,
93,237.0,Giachi; G.; Secci; M. M.; Pignatelli; O.; Gambogi; P.; Lippi; M. M.,2010.0,"The prehistoric pile-dwelling settlement of Stagno (Leghorn, Italy): wood and food resource exploitation","Journal of Archaeological Science, 37(6)",,1260-1268,"Giachi, G.,_Secci, M. M.,_Pignatelli, O.,_Gambogi, P.,_Lippi, M. M._2010_The prehistoric pile-dwelling settlement of Stagno (Leghorn, Italy): wood and food resource exploitation_Journal of Archaeological Science, 37(6)_1260-1268",,10.1016/j.jas.2009.12.027,,crossref,,86.22
94,238.0,Marchesini; M.; Marvelli; S.; Rizzoli; E.;,2014.0,L’Archeobotaica a Vulci,Principi immortali: fasti dell'aristocrazia etrusca a Vulci,,37-41,"Marchesini, M.,_Marvelli, S.,_Rizzoli, E.,_2014_L’Archeobotaica a Vulci_Principi immortali: fasti dell'aristocrazia etrusca a Vulci_37-41",allegati/bibliography/CLA88 - Marchesini et al. 2014.pdf,,,,,
96,240.0,Costantini; L.; Biasini; L. C.; Scali; S.,1997.0,"Significato e limiti della ricerca archeobotanica nel sito del Gran Carro, Bolsena (Vt)","Forma lacus antique, Atti 3 Seminario di Geoarcheologia. Bollettino di Studi e Ricerche XII",,39-58,"Costantini, L.,_Biasini, L. C.,_Scali, S._1997_Significato e limiti della ricerca archeobotanica nel sito del Gran Carro, Bolsena (Vt)_Forma lacus antique, Atti 3 Seminario di Geoarcheologia. Bollettino di Studi e Ricerche XII_39-58",allegati/bibliography/CLA52 - Costantini & Costantini Biasini 1997.pdf,,,,,
97,241.0,Hopf; M.; Tamburini P.,1995.0,"Determinazione dei resti vegetali del villaggio del “Gran Carro”(Lago di Bolsena, Viterbo): Scavo 1980. Il “Gran Carro” sul Lago di Bolsena (1959–1985)",Archaeologica,,136-138,"Hopf, M.,_Tamburini P._1995_Determinazione dei resti vegetali del villaggio del “Gran Carro”(Lago di Bolsena, Viterbo): Scavo 1980. Il “Gran Carro” sul Lago di Bolsena (1959–1985)_Archaeologica_136-138",,,,,,
98,255.0,Angelini; P.; ;De Angelis; M. C.; Guerzoni; R. P.; Gigante; D.; Rubini; A.; Properzi; A.; Venanzoni; R.,2014.0,"Wood identification of pile dwellings from the Bronze Age San Savino site (Lake Trasimeno, central Italy)","Plant Biosystems-An International Journal Dealing with all Aspects of Plant Biology, 148(4)",,713-722,"Angelini, P._,De Angelis,_M. C.,_Guerzoni, R. P.,_Gigante, D.,_Rubini, A.,_Properzi, A.,_Venanzoni, R._2014_Wood identification of pile dwellings from the Bronze Age San Savino site (Lake Trasimeno, central Italy)_Plant Biosystems-An International Journal Dealing with all Aspects of Plant Biology, 148(4)_713-722",,10.1080/11263504.2013.814604,,crossref,,86.09
99,242.0,Arobba; D.; Bandini; M.; Bertolani; D.; Galasso; M.; Giardini; G.; Mannoni; T.,1983.0,"Studio pluridisciplinare del materiale proveniente da un carico navale del I–III secolo dC scoperto sui fondali dell’Isola del Giglio (Grosseto, Italia)","Rivista di Studi Liguri, 11",,117-144,"Arobba, D.,_Bandini, M.,_Bertolani, D.,_Galasso, M.,_Giardini, G.,_Mannoni, T._1983_Studio pluridisciplinare del materiale proveniente da un carico navale del I–III secolo dC scoperto sui fondali dell’Isola del Giglio (Grosseto, Italia)_Rivista di Studi Liguri, 11_117-144",allegati/bibliography/CTO19 - Arobba et al. 1983.pdf,,,,,
100,243.0,Rottoli; M.; Keller; R. P.; Chiesa; S.; Martini; F.,1999.0,Le analisi archeobotaniche,Scarceta di Manciano (GR): un centro abitativo e artigianale dell'eta'del bronzo sulle rive del Fiora. Museo di Preistoria e Protostoria della Valle del fiume Fiora (Cap VII),,151-153,"Rottoli, M.,_Keller, R. P.,_Chiesa, S.,_Martini, F._1999_Le analisi archeobotaniche_Scarceta di Manciano (GR): un centro abitativo e artigianale dell'eta'del bronzo sulle rive del Fiora. Museo di Preistoria e Protostoria della Valle del fiume Fiora (Cap VII)_151-153",,,,,,
101,244.0,Buonincontri; M.; Allevato; E.; Di Pasquale; G.,2013.0,The problem of the alternating dominance of deciduous and evergreen vegetation: archaeo-anthracological data from Northern Maremma,"Annali di Botanica, 3",,165-171,"Buonincontri, M.,_Allevato, E.,_Di Pasquale, G._2013_The problem of the alternating dominance of deciduous and evergreen vegetation: archaeo-anthracological data from Northern Maremma_Annali di Botanica, 3_165-171",,10.4462/annbotrm-10269,,openalex,,78.96
102,245.0,Fontana; I. F.; Menozzi; B. I.; Montanari; C.,2008.0,Charcoal as environmental and ethnological evidence from medieval archaeological sites in NW-Italy,"Charcoals from the Past: Cultural and Palaeoenvironmental Implications: Proceedings of the Third International Meeting of Anthracology, Cavallino, Lecce (Italy), June 28th-July 1st 2004 (Vol. 1807)",,105,"Fontana, I. F.,_Menozzi, B. I.,_Montanari, C._2008_Charcoal as environmental and ethnological evidence from medieval archaeological sites in NW-Italy_Charcoals from the Past: Cultural and Palaeoenvironmental Implications: Proceedings of the Third International Meeting of Anthracology, Cavallino, Lecce (Italy), June 28th-July 1st 2004 (Vol. 1807)_105",allegati/bibliography/NLI22 - Ferrari Fontana et al. 2008.pdf,,,,,
103,246.0,Costantini; L.; Giorgi; J. A.,1987.0,Blera. I resti vegetali. L’alimentazione nel mondo antico,"Gli Etruschi, Ministerio per i Beni Culturali e Ambientali 2) Ministerio per i Beni Culturali e Ambientali, Roma",,83-87,"Costantini, L.,_Giorgi, J. A._1987_Blera. I resti vegetali. L’alimentazione nel mondo antico_Gli Etruschi, Ministerio per i Beni Culturali e Ambientali 2) Ministerio per i Beni Culturali e Ambientali, Roma_83-87","allegati/bibliography/Costantini, L.,_Giorgi, J. A._1987_I resti vegetali. L’alimentazione nel mondo antico_Gli Etruschi, Ministerio per i Beni Culturali e Ambientali 2) Ministerio per i Beni Culturali e Ambientali, Roma_83-87.pdf",,,,,
104,247.0,Van Kampen; I.; Rathje; A.; Celant; A.; Follieri; M.; De GrossiI Mazzorin; J.; Minniti; C.,2005.0,The pre-Republican habitation layers of the Via sacra in Giacomo Boni’s excavation of the sepolcreto arcaico,"Papers in Italian Archaeology VI, Communities and Settlements from the Neolithic to the Early Medieval Period (Vol. 1452)",,745-753,"Van Kampen, I.,_Rathje, A.,_Celant, A.,_Follieri, M.,_De GrossiI Mazzorin, J.,_Minniti, C._2005_The pre-Republican habitation layers of the Via sacra in Giacomo Boni’s excavation of the sepolcreto arcaico_Papers in Italian Archaeology VI, Communities and Settlements from the Neolithic to the Early Medieval Period (Vol. 1452)_745-753",allegati/bibliography/CLA17 - Van Kampen et al. 2005.pdf,,,,,
105,248.0,Celant; A.; Altieri; A.,1995.0,Ricerche archeobotaniche da una fossa medievale presso l’Arco di Costantino (Roma),"Giornale Botanico Italiano, 129",,224-224,"Celant, A.,_Altieri, A._1995_Ricerche archeobotaniche da una fossa medievale presso l’Arco di Costantino (Roma)_Giornale Botanico Italiano, 129_224-224",allegati/bibliography/CLA25 - Celant & Altieri 1995.pdf,,,,,
106,249.0,Mariotti; M.; Di Tommaso; P. L.; Giachi; G.; Mori Secci; M.; Paci; S.,2003.0,"Archaeobotanical investigations into an Etruscan farmhouse at Pian d’Alma (Grosseto, Italy)","Atti Della Società Toscana Di Scienze Naturali Residente In Pisa. Memorie. Serie B, 109",,159-165,"Mariotti, M.,_Di Tommaso, P. L.,_Giachi, G.,_Mori Secci, M.,_Paci, S._2003_Archaeobotanical investigations into an Etruscan farmhouse at Pian d’Alma (Grosseto, Italy)_Atti Della Società Toscana Di Scienze Naturali Residente In Pisa. Memorie. Serie B, 109_159-165",allegati/bibliography/CTO10 - Mariotti Lippi et al. 2003.pdf,,,,,
108,251.0,Stasolla; F. R.; Bougard; F.; Ermini; L. P.,2012.0,Leopoli-Cencelle: il quartiere sud-orientale,,,Fondazione Centro italiano di studi sull'alto Medioevo.,"Stasolla, F. R.,_Bougard, F.,_Ermini, L. P._2012_Leopoli-Cencelle: il quartiere sud-orientale_Fondazione Centro italiano di studi sull'alto Medioevo.",,,,,,
109,252.0,Calderoni; G.; Giardini; M.; Petitti; P.; Sadori; L.,1996.0,Le piroghe del Lago di Bolsena: analisi xilologiche e datazioni radiometriche,"Plant Biosystem, 130(1)",,305-305,"Calderoni, G.,_Giardini, M.,_Petitti, P.,_Sadori, L._1996_Le piroghe del Lago di Bolsena: analisi xilologiche e datazioni radiometriche_Plant Biosystem, 130(1)_305-305",allegati/bibliography/CLA55 - Calderoni et al. 1996.pdf,10.1080/11263509609439559,,crossref,,86.54
110,253.0,Beccaccioli; M.; Moricca; C.; Faino; L.; Reale; R.; Mineo; M.; Reverberi; M.,2023.0,The Neolithic site “La Marmotta”: DNA metabarcoding to identify the microbial deterioration of waterlogged archeological wood,"Frontiers in Microbiology, 14, 1129983",,1-10,"Beccaccioli, M.,_Moricca, C.,_Faino, L.,_Reale, R.,_Mineo, M.,_Reverberi, M._2023_The Neolithic site “La Marmotta”: DNA metabarcoding to identify the microbial deterioration of waterlogged archeological wood_Frontiers in Microbiology, 14, 1129983_1-10",allegati/bibliography/CLA42 - Beccaccioli et al. 2023.pdf,10.3389/fmicb.2023.1129983,,openalex,,79.56
111,256.0,Manfredini; A.; Carboni; G.; Conati Barbaro; C.; Silvestrini; M.; Fiorentino; G.,2005.0,"La frequentazione eneolitica di Maddalena di Muccia, Macerata","Atti della XXXVIII Riunione scientifica: preistoria e protostoria delle Marche: Portonovo, Abbadia di Fiastra, 1-5 ottobre 2003 - vol. I-II",,433-444,"Manfredini, A.,_Carboni, G.,_Conati Barbaro, C.,_Silvestrini, M.,_Fiorentino, G._2005_La frequentazione eneolitica di Maddalena di Muccia, Macerata_Atti della XXXVIII Riunione scientifica: preistoria e protostoria delle Marche: Portonovo, Abbadia di Fiastra, 1-5 ottobre 2003 - vol. I-II_433-444",,,,,,
112,257.0,Carannante A.; De Rubeis; F.; Marazzi; F.,2008.0,"Monasteri in Europa occidentale, secoli VIII-XI: topografia e strutture","Proceedings of the International Conference (Castel San Vincenzo, September 23rd–26th 2004, Vol. 95)",,385-403,"Carannante A.,_De Rubeis, F.,_Marazzi, F._2008_Monasteri in Europa occidentale, secoli VIII-XI: topografia e strutture_Proceedings of the International Conference (Castel San Vincenzo, September 23rd–26th 2004, Vol. 95)_385-403",,,,,,
113,258.0,Costantini L.; Stancarelli M.,1994.0,Origini: preistoria e protostoria delle civiltà antiche XVIII,"Malone, C.,",149-244,"Stoddart, S.","Costantini L.,_Stancarelli M._1994_Origini: preistoria e protostoria delle civiltà antiche XVIII_149-244_Malone, C.,_Stoddart, S._1992_The neolithic site of San Marco, Gubbio (Perugia)_Umbria: survey and excavation 1985–7_Papers of the British School at Rome_60, 1-69",,,8849220391,,googlebooks,76.21
115,260.0,George; D.; Bizzarri; C.; Bianco; P.; Trentacoste; A.; Whitlam; J.; Best; J.,2017.0," Recent Research in Cavità 254 (Orvieto, Italy)","Etruscan Studies, 20(1)",,58-76,"George, D.,_Bizzarri, C.,_Bianco, P.,_Trentacoste, A.,_Whitlam, J.,_Best, J._2017_ Recent Research in Cavità 254 (Orvieto, Italy)_Etruscan Studies, 20(1)_58-76","allegati/bibliography/CUM__ - George, D., Bizzarri, C., Bianco, P., Trentacoste, A., Whitlam, J., Best, J._2017_ Recent Research in Cavità 254 (Orvieto, Italy)_Etruscan Studies, 20(1)_pp. 58-76..pdf",10.1515/etst-2017-0002,,openalex,,79.6
116,261.0,Celant; A.,2007.0,Le analisi archeobotaniche dei resti vegetali della tomba 1 (T. 507),Centocelle II-Roma SDO Le indagini archeologiche Vol. 2,,277,"Celant, A._2007_Le analisi archeobotaniche dei resti vegetali della tomba 1 (T. 507)_Centocelle II-Roma SDO Le indagini archeologiche Vol. 2_277",allegati/bibliography/CLA29 - Celant 2007.pdf,,,,,
117,263.0,Costantini; L.; Biasini; L.,1984.0,I cereali di Piscina di Torre Spaccata,Preistoria e Protostoria nel territorio di Roma,,155-158,"Costantini, L.,_Biasini, L._1984_I cereali di Piscina di Torre Spaccata_Preistoria e Protostoria nel territorio di Roma_155-158",allegati/bibliography/CLA32 - Costantini & Costantini Biasini 1984.pdf,,,,,
118,264.0,Evett; D.; Renfrew; J.,1971.0,L'AGRICOLTURA NEOLITICA ITALIANA: UNA NOTA SUI CEREALI L'AGRICULTURE NEOLITHIQUE ITALIENNE: NOTICE SUR LES CEREALES.,"Riv. Sci. Preist, 26(2)",,403-409,"Evett, D.,_Renfrew, J._1971_L'AGRICOLTURA NEOLITICA ITALIANA: UNA NOTA SUI CEREALI L'AGRICULTURE NEOLITHIQUE ITALIENNE: NOTICE SUR LES CEREALES._Riv. Sci. Preist, 26(2)_403-409","allegati/bibliography/Evett, D., Renfrew, J._1971_L_AGRICOLTURA NEOLITICA ITALIANA_ UNA NOTA SUI CEREALI L_AGRICULTURE NEOLITHIQUE ITALIENNE_ NOTICE SUR LES CEREALES._Riv. Sci. Preist, 26(2)_pp. 403-409..pdf",,,,,
119,265.0,Helbaek; H.;,1981.0,"San Giovenale: Vol. II, Fasc. 4. The Semi-subterranean Building in Area B",,,appendix by Helbaek,"Helbaek, H.,_1981_San Giovenale: Vol. II, Fasc. 4. The Semi-subterranean Building in Area B_appendix by Helbaek",allegati/bibliography/CLA84 - Helbaek 1981.jpg,,,,,
120,267.0,Celant; A.; Minniti; C.,2008.0,Offerte funerarie alimentari. In Il tempio di Giove e le origini del Colle Capitolino Vol. 1,,,55-56,"Celant, A.,_Minniti, C._2008_Offerte funerarie alimentari. In Il tempio di Giove e le origini del Colle Capitolino Vol. 1_55-56",allegati/bibliography/CLA33 - Celant 2008a.pdf,,,,,
121,268.0,Anzidei; A. P.; Carboni; G.; Castagna; M. A.; Celant; A.; Cianca; M.; Egidi; R.;Favorito; S.; Funiciello; R.; Giordano; G.; Malvone; M.; Tagliacozzo; A.,2007.0,L’abitato eneolitico di Osteria del Curato-via Cinquefrondi: nuovi dati sulle facies archeologiche di Laterza e Ortucchio nel territorio di Roma,Atti della XL Riunione Scientifica dell’Instituto Italiano di Preistoria e Protostoria. Strategie di insediamento fra Lazio e Campania in età preistorica e protostorica,,477-508,"Anzidei, A. P.,_Carboni, G.,_Castagna, M. A.,_Celant, A.,_Cianca, M.,_Egidi, R.,Favorito, S.,_Funiciello, R.,_Giordano, G.,_Malvone, M.,_Tagliacozzo, A._2007_L’abitato eneolitico di Osteria del Curato-via Cinquefrondi: nuovi dati sulle facies archeologiche di Laterza e Ortucchio nel territorio di Roma_Atti della XL Riunione Scientifica dell’Instituto Italiano di Preistoria e Protostoria. Strategie di insediamento fra Lazio e Campania in età preistorica e protostorica_477-508",allegati/bibliography/CLA37 - Anzidei et al. 2007b.pdf,,,,,
122,270.0,Susanna; F.; Enei; F.,2013.0,Studio archeobotanico di macroresti provenienti dal sito di Santa Severa. Primi risultati. Santa Severa—Tra leggenda e realtà storica,"Viterbo, Italy: Ceccarelli Editrice Srl",,234-236,"Susanna, F.,_Enei, F._2013_Studio archeobotanico di macroresti provenienti dal sito di Santa Severa. Primi risultati. Santa Severa—Tra leggenda e realtà storica_Viterbo, Italy: Ceccarelli Editrice Srl_234-236",allegati/bibliography/CLA46 - Susanna 2013.pdf,,,,,
123,271.0,Fundurulic; A.; Valenti; I.; Celant; A.; Barbaro; B.; Costa; M.; Manhita; A.; Severi; E.; Barrocas Dias; C.; Magri; D.,2022.0,"Millets and cereal meals from the early iron age underwater settlement of “Gran Carro”(Bolsena Lake, Central Italy)","Sustainability, 14(7)",,39-41,"Fundurulic, A.,_Valenti, I.,_Celant, A.,_Barbaro, B.,_Costa, M.,_Manhita, A.,_Severi, E.,_Barrocas Dias, C.,_Magri, D._2022_Millets and cereal meals from the early iron age underwater settlement of “Gran Carro”(Bolsena Lake, Central Italy)_Sustainability, 14(7)_39-41",,10.3390/su14073941,,openalex,,79.12
124,272.0,Motta; L.,2016.0,Archaeobiology at Gabii: sampling and recovery strategies in an urban context. A Mid-Republican House from Gabii,,,,"Motta, L._2016_Archaeobiology at Gabii: sampling and recovery strategies in an urban context. A Mid-Republican House from Gabii ","allegati/bibliography/CLA68- Motta, L._2016_Archaeobiology at Gabii sampling and recovery strategies in an urban context. A Mid-Republican House from Gabii.pdf",,,,,
125,273.0,Evans; J. M.; Samuels; J. T.; Motta; L.; Naglak; M.; D’Acri; M.,2019.0,"An Iron Age settlement at Gabii: an interim report of the Gabii Project excavations in Area D, 2012–2015","Etruscan Studies, 22(1-2)",,6-38,"Evans, J. M.,_Samuels, J. T.,_Motta, L.,_Naglak, M.,_D’Acri, M._2019_An Iron Age settlement at Gabii: an interim report of the Gabii Project excavations in Area D, 2012–2015_Etruscan Studies, 22(1-2)_6-38",,10.1515/etst-2018-0029,,openalex,,80.3
126,274.0,Follieri; M.;,1978.0,Torrionaccio (Viterbo). Scavo di un abitato protostorico,"Notizie Scavi, 32",,271,"Follieri, M.,_1978_Torrionaccio (Viterbo). Scavo di un abitato protostorico_Notizie Scavi, 32_271",,,,,,
127,275.0,Carmenati; R.; Perna; R.; Fiorentino; G.;,2019.0,"XVIII conference of the international workgroup for palaeoethnobotany, lecce 3-8 june, 2019",,"The Roman Villa of Villamagna (Urbisaglia (Macerata), Italy): Pilot Archaeobotany Analysis",,"Carmenati, R.,_Perna, R.,_Fiorentino, G.,_2019_XVIII conference of the international workgroup for palaeoethnobotany, lecce 3-8 june, 2019_The Roman Villa of Villamagna (Urbisaglia (Macerata), Italy): Pilot Archaeobotany Analysis","allegati/bibliography/Carmenati, R.,_Perna, R.,_Fiorentino, G.,_2019_Villamagna.pdf",,,,,
129,277.0,Patrizi; G.; Rageot; M.; Cafisso; S.; Pennetta; A.; Fiorini; L.; De Benedetto; G. E.; Spiteri; C.; Fiorentino; G.,2024.0,"Signs of the sacred at the sanctuary of Gravisca, Italy: reconstruction of an Etruscan ritual through a multidisciplinary approach. Archaeometry",,,,"Patrizi, G.,_Rageot, M.,_Cafisso, S.,_Pennetta, A.,_Fiorini, L.,_De Benedetto, G. E.,_Spiteri, C.,_Fiorentino, G._2024_Signs of the sacred at the sanctuary of Gravisca, Italy: reconstruction of an Etruscan ritual through a multidisciplinary approach. Archaeometry",,,,,,
130,278.0,Vaccaro; E.; Ghisleni; M.; Arnoldus-Huyzendveld; A.; Grey; C.; Bowes; K.; MacKinnon; M.; Mercuri; A.M.; Pecci; A.; Cau Ontiveros; M.A.; Rattigheri; E.; Rinaldi; R.,2013.0,"Excavating the Roman peasant II: excavations at Case Nuove, Cinigiano (GR) 1","Papers of the British School at Rome, 81",,129-179,"Vaccaro, E.,_Ghisleni, M.,_Arnoldus-Huyzendveld, A.,_Grey, C.,_Bowes, K.,_MacKinnon, M.,_Mercuri, A.M.,_Pecci, A.,_Cau Ontiveros, M.A.,_Rattigheri, E.,_Rinaldi, R._2013_Excavating the Roman peasant II: excavations at Case Nuove, Cinigiano (GR) 1_Papers of the British School at Rome, 81_129-179",,,,,,
131,279.0,Celant; A.,2011.0,"Antracologia, utilizzazione del legno e ricostruzione paleoambientale","Origini: Preistoria e protostoria delle civiltà antiche, (33)",,237-248,"Celant, A._2011_Antracologia, utilizzazione del legno e ricostruzione paleoambientale_Origini: Preistoria e protostoria delle civiltà antiche, (33)_237-248",allegati/bibliography/CLA1 - Celant 2011.pdf,,,,,
132,280.0,Castelletti; L.,1996.0,Mele e pere selvatiche (Malus sylvestris e Pyrus sp.) carbonizzate,La grotta Sant’Angelo sulla Montagna dei Fiori (Teramo). Le testimonianze dal Neolitico all’Età del Bronzo ed il problema delle frequentazioni culturali in grotto,,295-303,"Castelletti, L._1996_Mele e pere selvatiche (Malus sylvestris e Pyrus sp.) carbonizzate_La grotta Sant’Angelo sulla Montagna dei Fiori (Teramo). Le testimonianze dal Neolitico all’Età del Bronzo ed il problema delle frequentazioni culturali in grotto_295-303",,,,,,
134,282.0,Giardini; M.; Calderoni; G.; Jolivet; V.; Mari; Z.; Sadori; L.; Susanna; F.; Juan; J. T.,2006.0,Indagini archeobotaniche su alcuni materiali degli horti Luculliani (Roma) e di Villa Adriana (Tivoli),Indagini archeobotaniche su alcuni materiali degli horti Luculliani (Roma) e di Villa Adriana (Tivoli),,129-144,"Giardini, M.,_Calderoni, G.,_Jolivet, V.,_Mari, Z.,_Sadori, L.,_Susanna, F.,_Juan, J. T._2006_ Indagini archeobotaniche su alcuni materiali degli horti Luculliani (Roma) e di Villa Adriana (Tivoli)_Indagini archeobotaniche su alcuni materiali degli horti Luculliani (Roma) e di Villa Adriana (Tivoli)_129-144",allegati/bibliography/CLA47 - Giardini et al. 2006.pdf,,,,,
135,284.0,Deguilloux; M. F.; Bertel; L.; Celant; A.; Pemonge; M. H.; Sadori; L.; Magri; D.; Petit; R. J.,2006.0,Genetic analysis of archaeological wood remains: first results and prospects,"Journal of Archaeological Science, 33(9)",,1216-1227,"Deguilloux, M. F.,_Bertel, L.,_Celant, A.,_Pemonge, M. H.,_Sadori, L.,_Magri, D.,_Petit, R. J._2006_Genetic analysis of archaeological wood remains: first results and prospects_Journal of Archaeological Science, 33(9)_1216-1227",allegati/bibliography/CLA36 - Deguilloux et al. 2006.pdf,10.1016/j.jas.2005.12.012,,crossref,,86.22
136,285.0,Sadori; L.; Giardini; M.; Giraudi; C.; Mazzini; I.,2010.0,The plant landscape of the imperial harbour of Rome,"Journal of Archaeological Science, 37(12)",,1-12,"Sadori, L.,_Giardini, M.,_Giraudi, C.,_Mazzini, I._2010_The plant landscape of the imperial harbour of Rome_Journal of Archaeological Science, 37(12)_1-12",allegati/bibliography/CLA5 - Sadori et al. 2010.pdf,10.1016/j.quaint.2012.11.008,,crossref,,79.36
137,286.0,Mazzucco; N.; Mineo; M.; Arobba; D.; Caramiello; R.; Caruso Fermé; L.; Gassin; B.; Guilbeau; D.; Ibáñez; J.J.; Morandi; L.F.; Mozota; M.; Pichon; F.; Portillo; M.; Rageot; M.; Remolins; G.; Rottoli; M.; Gibaja; J. F.,2022.0,"Multiproxy study of 7500-year-old wooden sickles from the Lakeshore Village of La Marmotta, Italy","Scientific reports, 12(1)",,1-16,"Mazzucco, N.,_Mineo, M.,_Arobba, D.,_Caramiello, R.,_Caruso Fermé, L.,_Gassin, B.,_Guilbeau, D.,_Ibáñez, J.J.,_Morandi, L.F.,_Mozota, M.,_Pichon, F.,_Portillo, M.,_Rageot, M.,_Remolins, G.,_Rottoli, M.,_Gibaja, J. F._2022_Multiproxy study of 7500-year-old wooden sickles from the Lakeshore Village of La Marmotta, Italy_Scientific reports, 12(1)_1-16","allegati/bibliography/Mazzucco, N., Mineo, M., Arobba, D., Caramiello, R., Caruso Fermé, L., Gassin, B., ... & Gibaja, J. F. (2022). Multiproxy study of 7500-year-old wooden sickles from the Lakeshore Village of La Marmotta, Italy. Sc.pdf",10.1038/s41598-022-18597-8,,openalex,,81.08
138,287.0,Mazzucco; N.; Mineo; M.; Arobba; D.; Caramiello; R.; Caruso Fermé; L.; Gassin; B.; Guilbeau; D.; Ibáñez; J.J.; Morandi; L.F.; Mozota; M.; Pichon; F.; Portillo; M.; Rageot; M.; Remolins; G.; Rottoli; M.; Gibaja; J. F.,2022.0,"Multiproxy study of 7500-year-old wooden sickles from the Lakeshore Village of La Marmotta, Italy. Sc",,,,"Mazzucco, N._Mineo, M._Arobba, D._Caramiello, R._Caruso Fermé, L._Gassin, B._Guilbeau, D._Ibáñez, J.J._Morandi, L.F._Mozota, M._Pichon, F._Portillo, M._Rageot, M._Remolins, G._Rottoli, M._Gibaja, J. F._2022_Multiproxy study of 7500-year-old wooden sickles from the Lakeshore Village of La Marmotta, Italy. Sc","allegati/bibliography/Mazzucco, N., Mineo, M., Arobba, D., Caramiello, R., Caruso Fermé, L., Gassin, B., ... & Gibaja, J. F. (2022). Multiproxy study of 7500-year-old wooden sickles from the Lakeshore Village of La Marmotta, Italy. Sc.pdf",,,,,
143,292.0,Anzidei; A. P.; Carboni; G.; Celant; A.; Cristiani; E.; Tagliacozzo; A.,2007.0,Una struttura di combustione tardo eneolitica dell’abitato di Osteria del Curato-via Cinquefrondi (Roma),"Atti XL Riunione Scientifica Scientifica Istituto Italiano Preistoria e Protostoria, II",,560-564,"Anzidei, A. P.,_Carboni, G.,_Celant, A.,_Cristiani, E.,_Tagliacozzo, A._2007_Una struttura di combustione tardo eneolitica dell’abitato di Osteria del Curato-via Cinquefrondi (Roma)_Atti XL Riunione Scientifica Scientifica Istituto Italiano Preistoria e Protostoria, II_560-564",allegati/bibliography/CLA37 - Anzidei et al. 2007b.pdf,,,,,
144,293.0,Di Pasquale; G.; Terzani; M.,2006.0,Archeobotanica a Populonia: primi risultati e prospettive della ricerca,Materiali per Populonia 5 (Vol. 5),,283-291,"Di Pasquale, G.,_Terzani, M._2006_Archeobotanica a Populonia: primi risultati e prospettive della ricerca_Materiali per Populonia 5 (Vol. 5)_283-291",,,,,,
145,294.0,Stellati; A.; Colaianni; G.; Fiorentino; G.; Sebastiani; R.; Contino; A.,2013.0,"Land use and crop production in the urban area of Rome: new data from the “Nuovo Mercato” of Monte Testaccio (Rome, Italy)",In 16th Conference of the International Work Group for Palaeoethnobotany-Abstract Book,,158-159,"Stellati, A.,_Colaianni, G.,_Fiorentino, G.,_Sebastiani, R.,_Contino, A._2013_Land use and crop production in the urban area of Rome: new data from the “Nuovo Mercato” of Monte Testaccio (Rome, Italy)_In 16th Conference of the International Work Group for Palaeoethnobotany-Abstract Book_158-159",,,,,,
147,297.0,Di Pasquale; G.;,2003.0,Ipotesi di ricostruzione del paesaggio medievale di Campiglia Marittima,"Biblioteca del Dipartimento di archeologia e storia delle arti, Sezione archeologica, Università di Siena; 8",Campiglia: un castello e il suo territorio: vol. I: ricerca storica; vol. II: indagine archeologica.,512-517,"Di Pasquale, G.,_2003_Ipotesi di ricostruzione del paesaggio medievale di Campiglia Marittima_Campiglia: un castello e il suo territorio: vol. I: ricerca storica; vol. II: indagine archeologica._Biblioteca del Dipartimento di archeologia e storia delle arti, Sezione archeologica, Università di Siena; 8_512-517",allegati/bibliography/CTO35 - Di Pasquale et al. 2003.pdf,10.1400/224401,,openalex,,78.75
148,298.0,Rottoli; M.,2002.0,"Zafferanone selvatico (Carthamus lanatus) e cardo della Madonna (Silybum marianum), piante raccolte o coltivate nel Neolitico antico a “La Marmotta”","Bullettino di Paletnologia Italiana (2000–2001), 91(92)",,47-61,"Rottoli, M._2002_Zafferanone selvatico (Carthamus lanatus) e cardo della Madonna (Silybum marianum), piante raccolte o coltivate nel Neolitico antico a “La Marmotta”_Bullettino di Paletnologia Italiana (2000–2001), 91(92)_47-61",allegati/bibliography/CLA42 - Rottoli 2002.pdf,,,,,
149,299.0,Pagnoux; C.; Celant; A.; Coubray; S.; Fiorentino; G.; Zech-Matterne; V.,2013.0,"The introduction of Citrus to Italy, with reference to the identification problems of seed remains","Vegetation History and Archaeobotany, 22",,421-438,"Pagnoux, C.,_Celant, A.,_Coubray, S.,_Fiorentino, G.,_Zech-Matterne, V._2013_The introduction of Citrus to Italy, with reference to the identification problems of seed remains_Vegetation History and Archaeobotany, 22_421-438",allegati/bibliography/CLA13 - Pagnoux et al. 2013.pdf,10.1007/s00334-012-0389-4,,crossref,,78.09
150,300.0,Celant; A.,2005.0,Le rose del Templum Pacis nell’antica Roma,"Informatore Botanico Italiano, 37",,898-899,"Celant, A._2005_Le rose del Templum Pacis nell’antica Roma_Informatore Botanico Italiano, 37_898-899",allegati/bibliography/CLA14 - Celant 2005.pdf,,,,,
151,304.0,"Moricca, C.,Russo, G.,Iamonico, D.,Ceccaroni, E.,Favero, G.,Sadori, L.",2024.0,"Food and Environment During the Late Roman Age at the Site of Alba Fucens (Abruzzi, Italy)","Plants, 13(20)",,,"Moricca, C.,Russo, G.,Iamonico, D.,Ceccaroni, E.,Favero, G.,Sadori, L._2024_Food and Environment During the Late Roman Age at the Site of Alba Fucens (Abruzzi, Italy)_Plants, 13(20)",,10.3390/plants13202930,,openalex,,79.41
152,303.0,"Nisbet, R.",1987.0,L'utilizzazione delle piante al Riparo del Lauro durante l'età del Bronzo,Il riparo del Lauro di Candalla nel Quadro del Bronzo medio iniziale dell’Italia centrooccidentale,,,"Nisbet, R._1987_L'utilizzazione delle piante al Riparo del Lauro durante l'età del Bronzo_Il riparo del Lauro di Candalla nel Quadro del Bronzo medio iniziale dell’Italia centrooccidentale",,,,,,
153,307.0,"Giachi, G.,Mariotti, M.,Pallecchi, P.",2009.0,Indagini archeobotaniche. In Populonia. La necropoli delle grotte. Lo scavo nell’area della cava 1997-98,Edizioni ETS,,,"Giachi, G.,Mariotti, M.,Pallecchi, P._2009_Indagini archeobotaniche. In Populonia. La necropoli delle grotte. Lo scavo nell’area della cava 1997-98_Edizioni ETS",,,,,,
154,312.0,"Campetti, S.,Dodaro, S., Ferrini, G.,Crisci, G. M.,De Francesco, A. M.,Montanari, C.,Guido, M.,Cozzani, M.,Perrini, L.,Berton, A.,Bigini, I.,Turini, R.",2001.0,"Risultati preliminari di nuove indagini nel deposito preistorico di Grotta all’Onda, Camaiore (Lucca)",Atti della XXXIV Riunione Scientifica dell’Istituto di Storia e Protostoria,,,"Campetti, S.,Dodaro, S., Ferrini, G.,Crisci, G. M.,De Francesco, A. M.,Montanari, C.,Guido, M.,Cozzani, M.,Perrini, L.,Berton, A.,Bigini, I.,Turini, R._2001_Risultati preliminari di nuove indagini nel deposito preistorico di Grotta all’Onda, Camaiore (Lucca)_Atti della XXXIV Riunione Scientifica dell’Istituto di Storia e Protostoria",,,,,,
155,308.0,"Ferrari Fontana, I.,Menozzi, B. I.,Montanari, C.",2008.0,Charcoal as Environmental and Ethnological Evidence from Medieval Archaeological Sites in NW Italy,Fiorentino and Magri,,,"Ferrari Fontana, I.,Menozzi, B. I.,Montanari, C._2008_Charcoal as Environmental and Ethnological Evidence from Medieval Archaeological Sites in NW Italy_Fiorentino and Magri",,,,,,
156,310.0,"Coradeschi, G.,Beltrame, M.,Rafanelli, S.,Quaratesi, C.,Sadori, L.,Barrocas Dias, C.",2021.0,"The wooden roof framing elements, furniture and furnishing of the Etruscan Domus of the Dolia of Vetulonia (Southern Tuscany, Italy)","Heritage, 4(3)",,,"Coradeschi, G.,Beltrame, M.,Rafanelli, S.,Quaratesi, C.,Sadori, L.,Barrocas Dias, C._2021_The wooden roof framing elements, furniture and furnishing of the Etruscan Domus of the Dolia of Vetulonia (Southern Tuscany, Italy)_Heritage, 4(3)",,10.3390/heritage4030110,,openalex,,79.04
157,306.0,"Giuffra, V.,Fornaciari, A.,Marvelli, S.,Marchesini, M.,Caramella, D.,Fornaciari, G.",2011.0,Embalming methods and plants in Renaissance Italy: two artificial mummies from Siena (central Italy),Journal of Archaeological Science,,,"Giuffra, V.,Fornaciari, A.,Marvelli, S.,Marchesini, M.,Caramella, D.,Fornaciari, G._2011_Embalming methods and plants in Renaissance Italy: two artificial mummies from Siena (central Italy)_Journal of Archaeological Science",,10.1016/j.jas.2011.04.009,,openalex,,79.05
158,301.0,"Rottoli, M.,Negri, S.",1986.0,"I resti vegetali carbonizzati. Filattiera-Sorano: l’insediamento di età romana e tardo antica scavi, 1995",,,,"Rottoli, M.,Negri, S._1986_I resti vegetali carbonizzati. Filattiera-Sorano: l’insediamento di età romana e tardo antica scavi, 1995",,,,,,
159,311.0,"Cantini, F.",2003.0,"Il Catello di Montarrenti: lo scavo archeologico, 1982-1987: per la storia della formazione del villaggio medievale in Toscana, secc. VII-XV5",,,,"Cantini, F._2003_Il Catello di Montarrenti: lo scavo archeologico, 1982-1987: per la storia della formazione del villaggio medievale in Toscana, secc. VII-XV5",,,,,,
160,313.0,"Buonincontri, M. P.,Di Falco, G.,Moser, D.,Donnini, D.,Di Pasquale, G.",2007.0,Il castello di Miranduolo (Siena): dati archeobotanici per il X-XI secolo,Atti Soc Nat Mat Modena,,,"Buonincontri, M. P.,Di Falco, G.,Moser, D.,Donnini, D.,Di Pasquale, G._2007_Il castello di Miranduolo (Siena): dati archeobotanici per il X-XI secolo_Atti Soc Nat Mat Modena",,,,,,
161,305.0,"Mariotti Lippi,M., Mori Secci,M., Giachi,G.,Bouby, L.,Terral, J. F.,Castiglioni, E.,Cottini, M.,de Grummond, N. T.",2020.0,"Plant remains in an Etruscan-Roman well at Cetamura del Chianti, Italy","Archaeological and Anthropological Sciences, 12(1)",,,"Mariotti Lippi,M., Mori Secci,M., Giachi,G.,Bouby, L.,Terral, J. F.,Castiglioni, E.,Cottini, M.,de Grummond, N. T._2020_Plant remains in an Etruscan-Roman well at Cetamura del Chianti, Italy_Archaeological and Anthropological Sciences, 12(1)",,10.1007/s12520-019-00992-4,,crossref,,87.3
162,302.0,"Pucci, G.,Mascione, C.Di Pasquale, G.,",2003.0,Manifattura ceramica etrusco-romana a Chiusi: il complesso produttivo di Marcianella (Vol. 10), Edipuglia,,,"Pucci, G.,Mascione, C.Di Pasquale, G.,_2003_Manifattura ceramica etrusco-romana a Chiusi: il complesso produttivo di Marcianella (Vol. 10)_ Edipuglia",,,,,,
163,309.0,"Costantini, L.,Biasini, L. C.,Pica, F.,Stanzione, M.",2012.0,"Analisi archeobotaniche a Chiusi: semi e carboni dallo scavo del Petriolo. Studi Etruschi, 75",,,,"Costantini, L.,Biasini, L. C.,Pica, F.,Stanzione, M._2012_Analisi archeobotaniche a Chiusi: semi e carboni dallo scavo del Petriolo. Studi Etruschi, 75",,,,,,
164,,"Benatti, A.,Bal, M.,Alle, P.,Bosi, G.,Dallai, D.,Mercuri, A. M.",2018.0,Charcoal kilns in the Northern Apennines (Italy): Forest exploitation by past societies in mountain areas.,Interdisciplinaria Archaeologica 9 (2),83-92,,"Benatti, A.,Bal, M.,Alle, P.,Bosi, G.,Dallai, D.,Mercuri, A. M._2018_Charcoal kilns in the Northern Apennines (Italy): Forest exploitation by past societies in mountain areas._Interdisciplinaria Archaeologica 9 (2)_83-92",,,,,,
165,,"Carra, M. L.,Cattani, L.,Zanni, C.",2003.0,Aspetti paletnobotanici dell'area insediativa protostorica di S. Maria in Belverde sul Monte Cetona (Siena),Rivista di scienze preistoriche 53,505-518,505-518,"Carra, M. L.,Cattani, L.,Zanni, C._2003_Aspetti paletnobotanici dell'area insediativa protostorica di S. Maria in Belverde sul Monte Cetona (Siena)_Rivista di scienze preistoriche 53_505-518",,,,,,
166,,"Anichini, F., Buonincontri, M., Campus, A., Gattiglia, G., Rattighieri, E., Rossi, M.",2022.0,I giardini dei padri Garden Archaeology alla Certosa di Calci (Pisa),1-24,"FOLD&R., 2022",1-24,"Anichini, F., Buonincontri, M., Campus, A., Gattiglia, G., Rattighieri, E., Rossi, M._2022_I giardini dei padri Garden Archaeology alla Certosa di Calci (Pisa)_FOLD&R., 2022_1-24",,,,,,
1,224.0,,,,,,,"Van de Noort, R., Whitehouse, D., Becker, M. J., Blagg, T., Burnett, D., Caruso, I., ... & Sutherland, S. (2009). Excavations at Le Mura di Santo Stefano, Anguillara Sabazia. Papers of the British School at Rome, 77, 159-223",,,,,,